sample_id,id,derived_word
1,1,Meccanize
1,2,doubly
1,3,aloud
1,4,thwartsome
1,5,tellingness
1,6,reblog
1,7,posterocaudal
1,8,losing
1,9,lobulation
1,10,Rumelian
1,11,recognize
1,12,Jordanianization
1,13,wealful
1,14,supercellular
1,15,rubberbanding
1,16,bewail
1,17,suavify
1,18,observingly
1,19,recut
1,20,restiffen
1,21,impallid
1,22,undermaintain
1,23,tetraether
1,24,dreadfulness
1,25,cankeredly
1,26,militarily
1,27,noncalorific
1,28,befright
1,29,percentwise
1,30,truthwards
1,31,aggrievedness
1,32,irreprehensibly
1,33,belittlingly
1,34,hypoketotic
1,35,thermalization
1,36,tellingly
1,37,intramembranously
1,38,outer
1,39,sympathisingly
1,40,intraaortally
1,41,chidingly
1,42,muchness
1,43,Georgianization
1,44,who've
1,45,polyestrous
1,46,awkly
1,47,topsy-turviness
1,48,whereabouts
1,49,befuck
1,50,saggingly
1,51,datafy
1,52,stipulated
1,53,against
1,54,bisynchronously
1,55,severalize
1,56,ozonize
1,57,subpurpose
1,58,agonisingly
1,59,semihourly
1,60,tackifier
1,61,unlike
1,62,facilely
1,63,suitably
1,64,invasional
1,65,Moorcockian
1,66,forswear
1,67,V8
1,68,hydromagmatic
1,69,fibber
1,70,antiproteolytically
1,71,ratably
1,72,epicurve
1,73,outbounds
1,74,getcha
1,75,shingly
1,76,unwell
1,77,emblossom
1,78,belatedness
1,79,umbestounds
1,80,metastaticity
1,81,downy
1,82,postreplicatively
1,83,homœo-
1,84,bihourly
1,85,debone
1,86,stereodependence
1,87,prelocated
1,88,ethnoastronomy
1,89,marginalize
1,90,lovely
1,91,spammy
1,92,theirs
1,93,rehypothecable
1,94,nonfluidized
1,95,fellness
1,96,owie
1,97,humanizer
1,98,shiftlessly
1,99,facedly
1,100,prosurvival
1,101,morphogeographical
1,102,underpuller
1,103,nuptials
1,104,misfuck
1,105,congratulation
1,106,panlike
1,107,justify
1,108,locatee
1,109,chromatographically
1,110,countershed
1,111,blobby
1,112,mainstreaming
1,113,paraboloid
1,114,somewhiles
1,115,severally
1,116,chippily
1,117,offensively
1,118,blamest
1,119,whitherever
1,120,anti-scarp
1,121,-cavir
1,122,oopsie
1,123,scatheless
1,124,resolvest
1,125,eaten
1,126,unproperly
1,127,nonmilitarily
1,128,fuckness
1,129,addressing
1,130,hexacore
1,131,chicly
1,132,unshade
1,133,anti-flash
1,134,poststent
1,135,heterospecifically
1,136,enpatron
1,137,Alaskanization
1,138,geolocator
1,139,belieflike
1,140,embase
1,141,unbathed
1,142,nonconception
1,143,outstreet
1,144,exclusiveness
1,145,overcelebrate
1,146,stereoirregular
1,147,fuckwad
1,148,parsable
2,1,irrecognizably
2,2,sextuply
2,3,soused
2,4,flounderingly
2,5,theirself
2,6,unjustifiably
2,7,corruptingly
2,8,eumelanism
2,9,outseeking
2,10,fuckity
2,11,orphanage
2,12,unlike
2,13,unsent
2,14,bioenvironmentally
2,15,centralise
2,16,biweekly
2,17,papishly
2,18,intolerantly
2,19,among
2,20,reprint
2,21,gastroelytrotomy
2,22,write-in
2,23,overcultured
2,24,precortically
2,25,unsteel
2,26,misbuild
2,27,norbelladine
2,28,fragmentize
2,29,overcooker
2,30,underclock
2,31,goody
2,32,justify
2,33,renature
2,34,inviolately
2,35,awkward
2,36,befuck
2,37,Tudorize
2,38,physiogeography
2,39,transparently
2,40,bestow
2,41,œconomize
2,42,gingerliness
2,43,how've
2,44,bioentrepreneur
2,45,unwarded
2,46,oily
2,47,fictionalize
2,48,dilysine
2,49,infracoronal
2,50,ventrogluteal
2,51,bumpfired
2,52,mollifiedly
2,53,apicolingual
2,54,unmagisterial
2,55,yearningly
2,56,hyperthermally
2,57,shower
2,58,pseudopodetial
2,59,sickerly
2,60,preprepare
2,61,inimicality
2,62,neverness
2,63,preradical
2,64,ablow
2,65,levelise
2,66,treatable
2,67,enlargedly
2,68,misfuck
2,69,flickery
2,70,somewhiles
2,71,beatificate
2,72,icen
2,73,garbageness
2,74,Annamese
2,75,shittiness
2,76,bosonize
2,77,undelimitated
2,78,disintricate
2,79,undisputably
2,80,theirs
2,81,villageress
2,82,punacious
2,83,relishest
2,84,Galenically
2,85,bewounding
2,86,togetherhood
2,87,yucky
2,88,pleaser
2,89,unbone
2,90,sethood
2,91,spikey
2,92,extragastric
2,93,boning
2,94,for't
2,95,unshiftingly
2,96,dishabited
2,97,whatever
2,98,coaxeth
2,99,fuckness
2,100,against
2,101,shortie
2,102,crime-free
2,103,untogether
2,104,backless
2,105,tontineer
2,106,unmemorably
2,107,westernise
2,108,mesoposteriorly
2,109,underhedged
2,110,percentwise
2,111,yestereven
2,112,antivaccinist
2,113,mountingly
2,114,antimatter
2,115,irreducibly
2,116,trisulfate
2,117,savoureth
2,118,multiexponential
2,119,fibber
2,120,intraamniotically
2,121,nonvoiced
2,122,sentimentalizer
2,123,occipitosphenoidal
2,124,tellingly
2,125,hawkwise
2,126,rhinopalatine
2,127,chrysophanol
2,128,faultlessly
2,129,piquantness
2,130,inscrutably
2,131,chicly
2,132,consternation
2,133,subtly
2,134,coronally
2,135,sociotechnically
2,136,rangest
2,137,countably
2,138,cankeredly
2,139,unhitch
2,140,monomythic
2,141,overdoser
2,142,shorty
2,143,churningly
2,144,unexpurgated
2,145,nondetective
2,146,semi-weekly
2,147,strafer
2,148,textualistic
3,1,sparkily
3,2,intropunitively
3,3,apprehensibly
3,4,dispeed
3,5,befuck
3,6,prayerfulness
3,7,emolliently
3,8,fuckish
3,9,pansolar
3,10,sickerly
3,11,beneathness
3,12,Romewards
3,13,withoutness
3,14,fitting
3,15,Saskatoonian
3,16,unfeasibly
3,17,nonendocytosable
3,18,percentual
3,19,activist
3,20,jazz-like
3,21,quindecillion
3,22,notifyee
3,23,nonperching
3,24,ectomesenchymally
3,25,connectability
3,26,hemisegment
3,27,minorize
3,28,telesthesia
3,29,unlike
3,30,obturbinate
3,31,facedly
3,32,oftenness
3,33,preselect
3,34,undoneness
3,35,postwelfare
3,36,underfeed
3,37,awkward
3,38,outer
3,39,theeself
3,40,bihourly
3,41,mesophytic
3,42,topologization
3,43,perhapser
3,44,encouragest
3,45,nonadiabatically
3,46,umbestounds
3,47,autoparasitic
3,48,postantennal
3,49,glyconutrient
3,50,unmasochistic
3,51,substructured
3,52,inflatingly
3,53,fuckity
3,54,downer
3,55,outblossom
3,56,begrieve
3,57,unstow
3,58,slammingly
3,59,preflight
3,60,auto-tiering
3,61,assisteth
3,62,vorticularly
3,63,pejoratively
3,64,untouchably
3,65,inchingly
3,66,choppy
3,67,unwinterized
3,68,bathyal
3,69,theogonic
3,70,iggy
3,71,theirs
3,72,besidely
3,73,twifaced
3,74,whereabouts
3,75,timesing
3,76,ingressive
3,77,trigalactosylated
3,78,rewax
3,79,regarding
3,80,propane
3,81,somewhiles
3,82,radioisotope
3,83,discourageable
3,84,mudden
3,85,admedially
3,86,bewhaped
3,87,forhew
3,88,groundwards
3,89,presumingly
3,90,sequestrable
3,91,caliphian
3,92,transumer
3,93,multilinking
3,94,beseek
3,95,elasticise
3,96,Aggieland
3,97,judgecraft
3,98,outward
3,99,sated
3,100,theirself
3,101,bemoisten
3,102,impingingly
3,103,preexponential
3,104,forseek
3,105,oversteep
3,106,coframe
3,107,punishably
3,108,reroot
3,109,betimes
3,110,show-er
3,111,inpayment
3,112,orphanize
3,113,intradaily
3,114,chicly
3,115,invertor
3,116,electrodialytically
3,117,posteriomedial
3,118,slappity
3,119,zombifying
3,120,nondefensively
3,121,underseek
3,122,cholehepatic
3,123,pemmicanize
3,124,illimitably
3,125,catnapper
3,126,ladette
3,127,dreadfulness
3,128,siftingly
3,129,incorrectly
3,130,Ericson
3,131,hyperglobalism
3,132,hardy
3,133,temporally
3,134,justify
3,135,punishably
3,136,isodirectional
3,137,unperceivably
3,138,clutchingly
3,139,semi-weekly
3,140,womynly
3,141,complaisance
3,142,habitability
3,143,informality
3,144,misfuck
3,145,foodwise
3,146,sunwards
3,147,coaccretion
3,148,homoerythromycin
